{"Loss/train": 2.5775012969970703, "acc1/train": 34.92641067504883, "acc5/train": 60.8226203918457, "_runtime": 4735, "_timestamp": 1635681138, "_step": 2567, "Loss/val": 3.1096685123443604, "acc1/val": 33.104000091552734, "acc5/val": 59.295997619628906, "lr": 0.0}