{"Loss/train": 2.5816760063171387, "acc1/train": 34.84054946899414, "acc5/train": 60.77391815185547, "_runtime": 4757, "_timestamp": 1635681141, "_step": 2567, "Loss/val": 3.1092539381980897, "acc1/val": 33.077999114990234, "acc5/val": 59.16600036621094, "lr": 0.0}