{"Loss/train": 2.849560499191284, "acc1/train": 38.760597229003906, "acc5/train": 65.03038787841797, "_runtime": 9631, "_timestamp": 1635673591, "_step": 5129, "Loss/val": 2.9371702897548677, "acc1/val": 35.72200012207031, "acc5/val": 62.12999725341797, "lr": 0.0}